Word,Frequency
the,217
to,157
and,153
is,113
I,109
in,100
a,97
of,96
this,76
you,75
it,74
.,67
for,62
with,60
on,50
recipe,44
so,40
are,39
have,39
make,38
my,35
love,33
that,33
can,31
our,30
at,29
but,29
This,29
not,28
me,25
delicious,25
your,25
Looks,25
from,25
out,24
&,22
how,21
get,21
we,20
Love,20
like,20
just,19
want,19
or,19
as,18
these,18
+,18
try,18
version,18
#food,18
The,17
So,17
amazing,17
them,17
it's,16
Christmas,16
#foodie,16
tsp,16
watch,15
an,15
#foodporn,15
down,14
by,14
cream,14
be,14
recipes,14
see,13
What,13
Recipe,13
bacon,12
video,12
Oh,12
all,12
We,12
food,12
wait,12
easy,12
now,12
always,11
they,11
she,11
special,11
more,11
about,11
he,11
should,11
Wow,11
yummy,11
looks,11
follow,11
shawarma,11
#foodiesofinstagram,11
(Head,10
IGTV,10
clickable,10
link!),10
what,10
her,10
many,10
their,10
Get,10
use,10
if,10
You,10
link,10
Chef,10
i,10
really,10
one,10
was,10
will,10
#streetfood,10
#foodieincarnate,10
#indianfood,10
people,9
cast,9
itâ€™s,9
In,9
too,9
way,9
bakers,9
first,9
two,9
How,9
1,9
need,9
dish,9
every,9
right,9
Delicious,9
much,9
look,9
has,9
best,9
which,9
Chicken,9
#recipes,9
#sodelhi,9
#newdelhi,9
#foodtalkindia,9
#delhigram,9
#indianstreetfood,9
#delhifoodie,9
still,8
Itâ€™s,8
It's,8
been,8
Iâ€™m,8
put,8
good,8
simple,8
New,8
Click,8
favorite,8
sauce,8
eat,8
those,8
Can,8
made,8
hi,8
"sauce,",8
then,8
various,8
know,8
#mumbaistreetfood,8
u,8
had,8
#delhifoodblogger,8
#foodlover,8
#delhistreetfood,8
#nycfood,8
keto,8
us,7
say,7
Why,7
show.,7
days,7
A,7
add,7
Thank,7
also,7
Very,7
4,7
Is,7
bio,7
recipe.,7
My,7
garlic,7
If,7
most,7
it.,7
some,7
Please,7
pizza,7
Amazing,7
Try,7
Foodie,7
#foodgasm,7
#foodpornshare,7
#foodgram,7
Hello,7
2,7
Hummus,7
~,6
bacon!,6
"#TheKitchen,",6
Saturdays,6
11a|10c,6
recipe:,6
Food,6
here,6
Bacon,6
Sunny's,6
let,6
kitchen,6
@DuffGoldman,6
brushstroke,6
hour,6
premiere,6
#KidsBakingChampionship,6
up,6
are.,6
happened,6
season,6
Valerie,6
"""",6
show,6
Brussels,6
his,6
fat,6
water,6
only,6
Do,6
Jan.,6
details,6
#discoveryplus,6
single,6
it!,6
take,6
famous,6
@nataliesideserf,6
yummy!,6
fresh,6
great,6
could,6
into,6
@fadedcrab,6
yams,6
am,6
taste,6
even,6
@sanjyotkeer,6
prepped,6
super,6
prep,6
@morphyrichardsindia,6
#recipe,6
Dubai,6
something,6
ur,6
share,6
lot,6
YouTube:,6
Incarnate,6
#streetfoodindia,6
#foodmaniacindia,6
#nycfoodie,6
#yum,6
comments,5
Just,5
course,5
started,5
enter,5
create,5
no,5
",",5
It,5
Make,5
drizzle,5
red,5
pepper,5
Great,5
ice,5
Baking,5
Year,5
Add,5
family,5
One,5
sweet,5
Too,5
check,5
cooked,5
Then,5
Follow,5
YouTube,5
Check,5
#sanjyotkeer,5
Shawarma,5
hot,5
Mumbai,5
other,5
making,5
Awesome,5
Pizza,5
Yummy,5
masala,5
carrots,5
ka,5
gajrela,5
beautiful,5
hai,5
tasty,5
Joshi,5
Dahi,5
5,5
Will,5
dosa,5
ki,5
dough,5
Foodies!,5
lo,5
cup,5
sandwich,5
youâ€™re,5
#christmas,5
(with,4
whole,4
holidays,4
enjoy,4
came,4
come,4
Take,4
such,4
day!,4
channel.,4
girl,4
says,4
excited,4
incredible,4
took,4
Gosh,4
...,4
wearing,4
enough,4
straight,4
Don't,4
>,4
starting,4
Canâ€™t,4
that's,4
ideas,4
dinner,4
weird,4
dishes!,4
And,4
Our,4
until,4
"garlicky,",4
next,4
buy,4
recipe!,4
already,4
donâ€™t,4
full,4
when,4
Super,4
over,4
NYE,4
paneer,4
Facebook!,4
now!,4
its,4
home,4
Cheers!,4
Yum,4
yum,4
mind,4
There,4
#foodstagram,4
#foodstylist,4
veg,4
quick,4
please,4
Sauce,4
yet,4
healthy,4
waiting,4
easily,4
Indian,4
Your,4
style,4
gajar,4
halwa,4
simply,4
where,4
carrot,4
different,4
toh,4
wow,4
#gurgaonfood,4
#delhi,4
#delhifood,4
#mumbaifood,4
dahi,4
thali,4
go,4
any,4
well,4
Apple,4
Cinnamon,4
Spicy,4
Schezwan,4
Vismai,4
tahini,4
Tahini,4
#nyceats,4
#newyorkcity,4
weight,4
#nyc,4
#supportlocal,4
page,4
Merry,4
#merrychristmas,4
Glazed,3
Bazon,3
@sunnyanderson),3
As,3
far,3
we're,3
"concerned,",3
WEEK,3
part,3
excuse,3
while,3
indulge,3
@sunnyanderson's,3
glazed,3
Save,3
http://foodtv.com/3nGa8xt,3
network,3
ripping,3
chefs,3
"apart,",3
scroll,3
past,3
people.,3
watching,3
make!,3
read,3
hateful,3
comments...ğŸ™„ğŸ¤¦ğŸ¾â€â™€ï¸ğŸ˜,3
GZ,3
grabbing,3
fork,3
knife,3
strip,3
hard,3
NO,3
Yo,3
bacon.,3
notch,3
looked,3
burnt,3
AF,3
loud???,3
never,3
anything,3
sheâ€™s,3
on.,3
BAE-CON,3
"opinion,",3
"loud,",3
mates,3
dull.,3
causes,3
dissonance,3
appealing,3
Bad,3
casting,3
pairing,3
thyme,3
clutchâ€,3
hilarious,3
Hold,3
"on,",3
turn,3
volume,3
first.,3
Of,3
holidays!,3
12,3
Twelve,3
kid,3
battle,3
spot,3
@foodnetworkmag,3
"$25,000",3
grand,3
prize!,3
For,3
"challenge,",3
@WolfiesMom,3
embrace,3
decorating,3
trend,3
asking,3
colorful,3
mini,3
cheesecakes.,3
NEXT,3
9|8c!,3
DVR,3
set,3
"Please,",3
kids,3
Canada?,3
disappointing,3
talented,3
young,3
Always,3
joy,3
them.,3
finale,3
Holiday,3
Baking?,3
she's,3
board.,3
ironic,3
talking,3
judging,3
clearly,3
judges.,3
jokes...ğŸ˜,3
watching!,3
coincidence,3
races.,3
Good,3
luck,3
kiddos!,3
@geoffreyzakarian's,3
Charred,3
Sprouts,3
Maple,3
@geoffreyzakarian,3
fries,3
sprouts,3
before,3
finishing,3
oven,3
tossing,3
"maple,",3
"mustard,",3
chives,3
http://foodtv.com/3h5WCkc,3
His,3
beautiful!,3
balsamic,3
"glaze,",3
honey..sometimes,3
flakes...,3
Maybe,3
clog,3
arteries,3
little,3
quickerğŸ˜‚,3
Did,3
few,3
ago-,3
perfect!,3
good!,3
Didnâ€™t,3
iron,3
skillet,3
top,3
rack,3
lower?,3
suit,3
jacket,3
"Geoffrey,",3
"mushrooms,",3
onions,3
sliced,3
chestnuts,3
mine....soooo,3
person?,3
Selfishness,3
unattractive,3
Oooooh,3
tomorrow..!,3
amazing!,3
"Sometimes,",3
"Always,",3
Never,3
@Wolfiesmom,3
dessert,3
breakfast?,3
Eat,3
whipped,3
can?,3
Find,3
Duff,3
answered,3
questions,3
more!,3
miss,3
TONIGHT,3
9|8c.,3
Stream,3
episode,3
@discoveryplus.,3
updates:,3
https://discoverypl.us/3lP1wmt,3
agree,3
carton,3
serving,3
two!,3
YepğŸ‘,3
Thats,3
mee,3
twoâ¤ï¸,3
Today.,3
Watching,3
now!!,3
Delightful!,3
Kidâ€™s,3
Championship.,3
wait!!!!!!!,3
real,3
CAKE?!,3
Celebrities,3
center,3
stage,3
brand-new,3
cake,3
competition,3
replicating,3
faces!â ,3
@ChefTregaye,3
hosts,3
#Cakealikes,3
judges,3
@thekalenallen,3
streaming,3
exclusively,3
@discoveryplus,3
4!,3
updates,3
bio.,3
congratulations,3
@cheftregaye,3
glorious,3
waste,3
Sometimes,3
idea.,3
Loll!!,3
Omg,3
cannot,3
wonderfulğŸ˜â¤ï¸,3
YES,3
this!!ğŸ¤—,3
Kisses,3
Brazil!!!,3
Tregaye,3
Amazingâ¤ï¸â¤ï¸,3
Ring,3
elegant,3
@giadadelaurentiis',3
Lemon,3
Spaghetti!,3
Glad,3
didnt,3
hear,3
giada,3
"""spaghetti""",3
"that,",3
capers?!?,3
Yessss!,3
Adding,3
shrimp,3
garlic!,3
loves,3
recipe!!,3
least,3
once,3
week!,3
instead,3
basil,3
pasta,3
Whereâ€™s,3
?,3
lemon,3
pasta!,3
Goodness,3
Sooooo,3
4th,3
most-viewed,3
2020,3
NOT,3
delish.,3
You'll,3
end,3
crack,3
buttery,3
snow,3
crab!,3
"this,",3
@HungryHugh!,3
@misspaulacee,3
@lweesah,3
@lashaunbarker,3
@iamnivea._,3
@princezgal7,3
@_itz.mya,3
@liuberman,3
segue,3
na,3
vontadeğŸ˜‚,3
@jill_drinkwater,3
@pfligge,3
time?!â¤ï¸,3
I'VE,3
HAD,3
MY,3
THIS,3
YEAR!!!ğŸ˜‹ğŸ˜‹ğŸ˜‹,3
...YUUMMYYYY!!!,3
@ochoa87_j,3
YUMMY,3
@murielletchiegang,3
@nikitareyes5,3
@kendra.i321,3
@xtina_rivas,3
@themariproject,3
Chris,3
@linelled,3
@lgdsouza,3
Day:,3
@KardeaBrown's,3
Grandma's,3
Candied,3
Yams,3
diabeticalğŸ˜†ğŸ˜,3
tell,3
thin,3
sugar!!!,3
YummiğŸ˜‹,3
These,3
grandma,3
https://www.instagram.com/restaurantevistaaomarltda/,3
cooking,3
makes,3
everything,3
ingredients,3
fan,3
party,3
served,3
Have,3
win,3
Tag,3
insanely,3
fried,3
#chicken,3
se,3
Years,3
warm,3
loads,3
guys,3
pita,3
cook,3
dishes,3
do,3
chef,3
recipes.,3
He,3
Would,3
U,3
good.,3
meal.,3
#mumbaifoodie,3
pls,3
tempting,3
nice,3
same,3
post,3
mouth,3
ye,3
call,3
milk,3
winters,3
sharing,3
sir,3
ke,3
bada,3
after,3
vegan,3
#foodblogger,3
nahi,3
aa,3
#southdelhi,3
#foodindia,3
#desikhana,3
#desifood,3
Bahut,3
vada,3
ji,3
than,3
time,3
Best,3
#southindian,3
absolutely,3
looking,3
"hai,",3
canâ€™t,3
#pasta,3
eating,3
"recipe,",3
Chocolate,3
Teja,3
oats,3
Fried,3
Telugu,3
forget,3
wrong,3
anyone,3
wondering,3
lose,3
helpful,3
hope,3
2021,3
@emmysquaredpizza,3
nationwide,3
meal,3
Class,3
cocktail,3
gym,3
@keto_sarah_,3
pancakes,3
holiday,3
pronounce,2
spa-ghee-tee.,2
stuff,2
out.,2
off,2
Alex,2
million,2
happening,2
Chile,2
spicy,2
own,2
Watch,2
cinnamon,2
star,2
All,2
would,2
authentic,2
lovely,2
"better,",2
Paneer,2
#MorphyRichards,2
main,2
biryani,2
loved,2
proud,2
of?,2
participate,2
contest,2
products.,2
1.,2
Upload,2
picture.,2
2.,2
Write,2
caption.,2
3.,2
Use,2
#ultimatechristmaschallenge,2
4.,2
Instagram,2
@yourfoodlab,2
5.,2
6.,2
Last,2
date,2
challenge,2
10/01/2021,2
T&C,2
65,2
several,2
matter,2
chicken,2
basic,2
#chickenrecipes,2
m,2
karna,2
back,2
roadside,2
"outlet,",2
blown.,2
classic,2
Mexican,2
glass,2
orange,2
"juice,",2
memory,2
having,2
shawarma.,2
Kubbus,2
(pita,2
bread),2
French,2
"fries,",2
wrapped,2
warmed,2
near,2
griller.,2
slowly,2
outlets,2
miss.,2
versions,2
countries,2
Munbai,2
versions.,2
sure,2
components,2
"all,",2
"bread,",2
"chicken,",2
"pickle,",2
everything.,2
Prep,2
did,2
#foodphotography,2
pick,2
Falafel,2
Really,2
"videos,",2
goodness,2
#fusionfood,2
excellent,2
plz,2
Nom,2
starter,2
themed,2
below!,2
-,2
awesome,2
Hi,2
Lovely,2
Aloo,2
Corn,2
Frankie,2
without,2
delicious.,2
low,2
mai,2
Ka,2
thing,2
gajrela.,2
Punjabi,2
homes,2
milk.,2
Punjabis,2
frequently,2
large,2
batches,2
stored,2
preparation,2
quite,2
nostalgic,2
grandmother,2
mother,2
love.,2
household,2
simmered,2
completely,2
opposite,2
outside,2
ghee,2
mawa,2
added,2
later.,2
favourite,2
because,2
home.,2
usually,2
heat,2
vanilla,2
enjoy.!,2
#gajarkahalwa,2
#gajarhalwa,2
#winteriscoming,2
#winterfood,2
#dessert,2
#dessertsofinstagram,2
#dessertlover,2
tried,2
Perfect,2
thank,2
adding,2
lete,2
kaise,2
Mujhe,2
Sir,2
very,2
winter,2
Style,2
Garlic,2
South,2
Delhi,2
#indianfoodie,2
#indianfoodblogger,2
#mumbaifoodblogger,2
#sandwich,2
feel,2
posts,2
cheese,2
zabardast,2
To,2
Link,2
#gurugram,2
#gurgaon,2
#gurugramfood,2
Ye,2
Dhaabe,2
wali,2
owner,2
times,2
okay,2
another,2
treats,2
serves,2
spoon,2
"Highly,",2
highly,2
#delhifoodies,2
kya,2
years,2
#southindianfood,2
#delhidiaries,2
#thali,2
definitely,2
satisfying,2
That,2
Thali,2
location,2
#gurgaondiaries,2
bahar,2
"do,",2
When,2
Not,2
big,2
tasted,2
#pizza,2
Itna,2
Making,2
WowğŸ˜‹,2
soooo,2
using,2
non,2
stick,2
"pasta,",2
name,2
spaghetti,2
don't,2
visit,2
fruit,2
mere,2
Oreo,2
oreo,2
biscuits,2
white,2
biscuit,2
powder,2
chopped,2
coconut,2
Roll,2
give,2
shape.,2
maggi,2
Maggi,2
itni,2
why,2
maggie..,2
Mask,2
level,2
ni,2
Special,2
#cake,2
idea,2
Looking,2
No,2
Thick,2
Hot,2
#chocolate,2
#chocolatedrink,2
Sugar,2
garu,2
Muffins,2
@bajajelectricals_ltd,2
Ingredients:,2
80,2
tsp),2
Powder-,2
gm,2
Peanut,2
butter,2
Frozen,2
Banana,2
Dry,2
tbsp,2
#CookWithBajaj,2
#NutriProMixers,2
#CookingSeriesWithBajajElectricals,2
#egglessmuffins,2
Meku,2
tea,2
snack,2
Pepper,2
#murukulu,2
#telugu,2
Salt,2
3,2
tag,2
#friedchicken,2
day,2
voice,2
showed,2
refrigerate,2
Bombay,2
movie,2
must,2
there,2
you.,2
Mari,2
ee,2
chutney,2
bakery,2
vedio,2
Waiting,2
last,2
https://www.instagram.com/tv/CJWeme9nojJ/?igshid=1c1d82hh2mh1c,2
shares,2
shipping,2
Ingredients,2
#eatlocal,2
(without,2
exercise),2
66lbs,2
months,2
free.Let,2
free,2
#cheese,2
Nice,2
She,2
Christmas!,2
Eggnog,2
spare,2
met,2
step,2
@mad_ame_labor,2
lie,1
huge,1
container,1
snd,1
Thatâ€™s,1
looks!ğŸ˜œ,1
@Guarnaschelli,1
kicking,1
new,1
#Supermarket,1
Stakeout,1
question,1
"chefs,",1
"""What",1
"doing?!?""",1
#SupermarketStakeout,1
Season,1
Premiere,1
TUESDAY,1
@,1
10|9c,1
OMG,1
Iâ€™ve,1
waiting!!!,1
Hey,1
Network...What,1
shows?,1
nonsense,1
gotten,1
old!,1
Who,1
wants,1
yt,1
channel?,1
cheap,1
judging.,1
Also,1
market,1
watch!,1
fun,1
stalk,1
shes,1
smart,1
knows,1
humor!!!,1
hostess!,1
"are,",1
"kind,",1
encouraging,1
helpful!,1
bet,1
mom,1
too!ğŸ˜,1
Support,1
farmers,1
provide,1
MORE:,1
world's,1
largest,1
demonstration,1
250,1
peaceful,1
"protesters,",1
backed,1
1.5,1
Canadian,1
union,1
"members,",1
raising,1
voices,1
against,1
corporate,1
takeover,1
global,1
supply,1
worldwide!,1
hashtag,1
>>>,1
#FarmersProtest,1
#istandwithfarmers,1
DIY,1
Crisp,1
@MissVivianWC),1
"tangy,",1
crunchy,1
condiment,1
cult,1
following,1
REASON.,1
#VivsTips!,1
@MissVivianWC,1
Pan-Fried,1
Pork,1
Chive,1
Dumplings,1
(perfect,1
topping,1
chile,1
crisp!),1
tonight,1
6PM,1
EST,1
@FoodNetworkKitchen,1
app,1
Crisp:,1
https://food-network.app.link/UFFoLC0qscb,1
shirtğŸ˜,1
Unmmmm,1
MSG?,1
purchase,1
chili,1
crisp??,1
lost,1
"anise,",1
black,1
licorice,1
lol,1
cost,1
fortune.,1
Better,1
made!!!,1
Sounds,1
one!,1
Heaven,1
"shirt,",1
chilis,1
China,1
themalamarket.com.,1
source,1
wonderful,1
"chilis,",1
"peppercorns,",1
oil,1
etc,1
China.,1
They,1
owned,1
business,1
located,1
Tennessee.,1
shopping,1
awhile,1
Makhani,1
Biryani,1
Cups,1
Heres,1
idea!,1
"idea,",1
cups,1
personalised,1
portions,1
"recipes,",1
makhani,1
party!,1
apply,1
"stories,",1
sayings,1
"name,",1
what!,1
"awesome,",1
succulent,1
tender,1
crispy,1
tossed,1
spices,1
"herbs,",1
ordinary,1
extraordinary,1
level.,1
easy!,1
quick!,1
#chicken65,1
#chickendinner,1
#mumbai,1
#chickensofinstagram,1
#chickendry,1
OMG..ğŸ™„ğŸ™„,1
veg...,1
So..,1
Unfollow,1
hoga..,1
Kaash,1
phone,1
khaana,1
mil,1
sakta,1
crispyğŸ¤©,1
Yummyyy,1
Yummmm,1
GreatğŸ¤©,1
upar,1
aapke,1
instant,1
urge,1
ourselves,1
recipeğŸ”¥ğŸ”¥ğŸ”¥ğŸ˜ğŸ˜,1
too...,1
??ğŸ™ˆğŸ™ˆâ¤ï¸ğŸ™Œ,1
Yes,1
delicious..,1
Awaiting,1
falafel,1
talks,1
himself,1
guiding,1
chef!,1
appreciate,1
suggest,1
alternate,1
methods,1
"too,",1
Sanjyot.,1
vegetarian,1
variants,1
too.,1
perfect..,1
n,1
awsm,1
difficult,1
us.,1
Vegetables,1
Paprika,1
Spinach,1
Rice,1
"veggies,",1
creamy,1
paprika,1
paired,1
flavourful,1
spinach,1
rice,1
combination.,1
packed,1
"nutrients,",1
that'll,1
meet,1
requirements,1
"tasty,",1
Enjoy,1
friends,1
mates.,1
#indian,1
#streetsofindia,1
Mesmerisingâ¤ï¸â¤ï¸,1
Woooow,1
YummmyğŸ˜ğŸ˜,1
Exotic,1
Lusciously,1
scrumptious,1
OmgğŸ‘ŒğŸ‘ŒğŸ˜²ğŸ˜²ğŸ˜²ğŸ˜²,1
recepie,1
OmgğŸ˜‚ğŸ˜‚,1
Was,1
eagerly.,1
Or,1
Mini,1
Cheeseburst,1
round,1
"corner,",1
hereâ€™s,1
ingredients.,1
"Also,",1
snowman,1
pizza!,1
Let,1
apply.,1
chef...â¤ï¸,1
chefğŸ˜‹ğŸ˜‹ğŸ‘ğŸ‘ğŸ‘,1
HaayyyğŸ˜ğŸ¤¤ğŸ˜,1
amazing...,1
BeautifulğŸ˜..,1
man,1
uâ€™ve,1
shared,1
sanjyot...,1
learn,1
ease,1
microwave,1
"house,",1
surely,1
gonna,1
Cheesey,1
long,1
tym,1
recipe....fix,1
tomorrow,1
s,1
#frankie,1
recipe?,1
"Yummy,",1
taco,1
bell!,1
Cinematography!,1
Plzz,1
punjabi,1
dhaba,1
shev,1
bhaji,1
belly,1
nowğŸ™„ğŸ™„ğŸ™„ğŸ”¥,1
send,1
frankie,1
deliciously,1
watering,1
cheese??,1
videos,1
healthier,1
dishes.,1
request,1
soya,1
chunks/,1
Ahh,1
garam,1
tel,1
fry,1
karke,1
khaunga...ğŸ˜ğŸ˜ğŸ˜ğŸ”¥ğŸ”¥,1
substitute,1
corn?,1
Gajar,1
Halwa,1
mum,1
yum!!,1
recipeâ¤ï¸,1
gajrelağŸ’–,1
Gave,1
goosebumps,1
missing,1
now.,1
kl,1
bnaugi,1
aapki,1
insha,1
allah,1
soo,1
thanku,1
Itni,1
liy,1
vala,1
regularly,1
juicing,1
cashew,1
tooâ¤ï¸,1
TemptingğŸ’ğŸ’ğŸ’,1
droolingğŸ¤¤ğŸ˜ğŸ˜,1
SuperbğŸ‘,1
style...,1
yum..,1
Grilled,1
Sizzler,1
Gralic,1
#sizzler,1
#indiancuisine,1
#streetphotography,1
#videography,1
Aap,1
naam,1
slurp,1
karte?!ğŸ˜‚,1
sun,1
kar,1
muh,1
pani,1
jata,1
slrrrrrp,1
Pls,1
options,1
wellğŸ˜Š,1
receipe,1
secondly,1
BG,1
Song,1
blowingâ¤ï¸â¤ï¸â¤ï¸â¤ï¸ğŸ˜ğŸ˜ğŸ˜ğŸ”¥ğŸ”¥ğŸ”¥ğŸ”¥ğŸ”¥ğŸ”¥ğŸ”¥,1
SuperbğŸ‘Œ,1
dayummmmğŸ˜ğŸ˜,1
awaited,1
requested,1
finally,1
now!!!,1
dekhte,1
moo,1
mien,1
paani,1
gaya,1
hamare,1
area,1
abhi,1
tak,1
aye,1
gajarğŸ˜­,1
Wowâ¤ï¸â¤ï¸,1
Drooolingg,1
YummtğŸ˜‹ğŸ˜‹ğŸ˜‹,1
wateringğŸ˜‹,1
Bread,1
DelhiğŸ¤©ğŸ¤©,1
"Sandwiches,",1
Ex,1
"1,",1
#cheeselover,1
#cheesebread,1
#cheesy,1
#garlicbread,1
delhi,1
wah,1
wahğŸ˜,1
80%,1
WowğŸ˜,1
Kaafi,1
Hoti,1
DESI,1
GHEE,1
KA,1
TADKA,1
maar,1
dhaaba,1
dalğŸ˜ğŸ˜,1
"location,",1
Tube,1
bioğŸ¤—ğŸ¤—,1
#reelitfeelit,1
#reelkarofeelkaro,1
#desighee,1
#dalmakhani,1
#dhabafood,1
#gurgaonfoodie,1
#oldgurgaon,1
#foodbloggers,1
#punjabi,1
#bangalorefood,1
mazedaar,1
chij,1
thii,1
daal...,1
Jiii....,1
Jisko,1
mile,1
uski,1
khush,1
naseebi,1
dal,1
mouthwatering,1
Yummâ¤ï¸,1
loveâ¤ï¸,1
FLYING,1
DAHI,1
VADAğŸ˜±ğŸ›¸,1
Located,1
Sarafa,1
Bazar,1
"Indore,",1
Bada,1
house,1
flying,1
bada.,1
shop,1
(Joshi,1
ji),1
unique,1
technique,1
preparing,1
Vadas,1
bounces,1
plate,1
high,1
air,1
catches,1
repeats,1
couple,1
sprinkles,1
"spices,",1
seaparately,1
pinch.,1
Both,1
processes,1
talent,1
unmatched.,1
While,1
quality,1
jee,1
heart,1
customers,1
God.,1
vadas,1
respect,1
doesn't,1
relish,1
recommended.â¤,1
#instadaily,1
#instafood,1
#indianrecipe,1
#eveningsnack,1
#dahipuri,1
#tasteofindia,1
#vscofood,1
#indorefood,1
#indore,1
#dahivada,1
#chaat,1
masale,1
ek,1
sath,1
daalde,1
Heard,1
place,1
Masala,1
daala,1
h,1
gazabğŸ¤©ğŸ˜ğŸ˜‹ğŸ˜‹,1
20,1
jeeravan,1
fond,1
memories,1
.....he,1
everyone,1
family.stay,1
blessed,1
Ppl,1
normally,1
also....,1
Morons!ğŸ¤¦,1
Flying,1
vadağŸ˜ğŸ˜,1
taste?,1
favoriteâ¤ï¸,1
Vada,1
everâ¤ï¸,1
Enjoying,1
Saivam,1
(vegetarian),1
"Dakshin,",1
ITC,1
Sheraton,1
states,1
Prices:,1
1200/-,1
++,1
#itcsheraton,1
#amarsirohi,1
#appam,1
AmazingğŸ˜,1
Spread,1
goals,1
out!,1
delightful,1
Total,1
thaliğŸ˜‹ğŸ˜‹ğŸ˜,1
thaliğŸ˜,1
temptingğŸ˜€,1
Lazizzzz..ğŸ˜ğŸ˜,1
AmazingğŸ˜‹ğŸ˜‹,1
PANEER,1
BUTTER,1
MASALA,1
DOSAğŸ¤©ğŸ¤—,1
Kindly,1
price.ğŸ¤—,1
#hudamarket,1
#dosai,1
#paneer,1
#masaladosa,1
#dosa,1
andar,1
jaata,1
south,1
breakfast,1
Gurgaon,1
aur,1
wala,1
haiğŸ˜‹ğŸ˜‹ğŸ˜‹ğŸ˜‹,1
Bhai,1
"""dough""sa,",1
"""do""sa",1
jaise,1
"ek,",1
teen,1
mein,1
jo,1
hai....wo,1
vaala,1
:),1
Humko,1
laga,1
bhaiya,1
stuffed,1
banaenge,1
Thermocol,1
platea,1
ban,1
yaha,1
chalri,1
challan,1
kaato,1
inka.,1
write,1
spell,1
it..Its,1
dhosa(not,1
dosa)ğŸ”¥,1
filling,1
properly,1
..,1
thought,1
potato,1
IN,1
Dosa,1
delishğŸ˜ğŸ˜,1
bomb,1
DeliciousğŸ˜,1
24,1
INCH,1
MONSTER,1
PIZZAğŸ•ğŸ•,1
La,1
Pino'z,1
Golf,1
Course,1
"Road,",1
Gurgaon!,1
size,1
10,1
Totally,1
worth,1
price.ğŸ‘ğŸ»ğŸ‘ğŸ»,1
monster,1
channel:,1
Incarnate.,1
bioğŸ¤—,1
#pizzatime,1
#pizzalover,1
#bigpizza,1
#golfcourseroad,1
#gurgugram,1
#pizzaparty,1
pizzağŸ˜ğŸ˜,1
What's,1
price,1
finish,1
sliceğŸ˜„,1
badhiya,1
dikh,1
raha,1
Bhut,1
shandaar,1
thaaa,1
yeh,1
Shaandaar,1
Bhot,1
badiya,1
WohooğŸ˜,1
Pasta,1
Al,1
PomodoroğŸ˜‹ğŸ,1
Had,1
@cafefioreindia,1
Lajpat,1
"Nagar,",1
Delhi.,1
Priced,1
Rs,1
"378,",1
detailed,1
subcribe,1
channel,1
#delhifoodbloggers,1
#recipevideo,1
#pastamaking,1
#lajpatnagar,1
#pastalover,1
#spaghetti,1
#pomodoro,1
#pastarecipe,1
deliciousğŸ˜ğŸ˜‹ğŸ‘,1
itğŸ˜‹,1
goodğŸ˜,1
Creamy,1
pastağŸ˜ğŸ˜,1
steel,1
nonstick,1
pan,1
Desi,1
Swad,1
WantğŸ˜ğŸ˜ğŸ˜,1
goodğŸ˜‹ğŸ˜‹ğŸ˜‹,1
wood,1
spoons,1
pan?!,1
kind,1
apt,1
al,1
pomodoro.,1
expected,1
comes,1
........noodles,1
eerrrr,1
mean,1
mangoes,1
MANGO,1
FRUIT,1
CREAM,1
outta,1
heavenâ¤â¤,1
Fruit,1
Creams,1
Haji,1
Ali,1
Juice,1
Centre,1
sake,1
only.,1
Every,1
"one,",1
Sitaphal,1
fall,1
recommended.ğŸ‘ğŸ»ğŸ‘ğŸ»,1
#thingstodoinmumbai,1
#things2doinmumbai,1
#mango,1
#mangoes,1
#fruitsalad,1
#fruitcream,1
deliciousğŸ¤¤ğŸ˜‹,1
Maharashtra's,1
Amrakhand,1
(Mango,1
Pulp,1
Shrikhand),1
Yummy.,1
change,1
Kash,1
isko,1
touch,1
karu,1
jae,1
samneğŸ˜ğŸ˜…,1
Drooling,1
mast,1
YummyğŸ˜‹ğŸ˜‹,1
YumğŸ˜,1
favouriteğŸ˜ğŸ˜,1
AmazingğŸ˜ğŸ˜‹,1
Are,1
yrrr,1
sardi,1
dil,1
aag,1
jal,1
rahi,1
hğŸ”¥,1
Cream,1
RollğŸ¤©,1
Long,1
lasting,1
christmas,1
week.,1
Easy,1
make.,1
ideas?,1
Share,1
Instructions,1
follow:,1
1),1
(2,1
packets),1
separate,1
biscuits.,1
2),1
Grind,1
powder.,1
3),1
mix,1
consistent,1
dough.,1
4),1
dry,1
"fruits,",1
dessicated,1
color,1
separated,1
cream.,1
Mix,1
these.,1
cylinderical,1
5),1
foil,1
paper,1
circular,1
6),1
Place,1
roll,1
together.,1
7),1
Keep,1
fridge,1
2-3,1
hours.,1
8),1
Cut,1
pieces,1
serve.,1
(You,1
garnish,1
with#easyrecipe,1
d,1
well).,1
@oreo.india,1
#OreoReciPic,1
#DessertsOfInstagram,1
#DessertDecember,1
#oreo,1
#roll,1
#mithai,1
#dessertheaven,1
#indiandessert,1
#desserts,1
#indianfoodbloggers,1
#instacake,1
#recipeoftheday,1
#easyrecipe,1
Woah,1
Superb,1
amazng,1
recipeğŸ˜,1
easy..i'll,1
Wowww,1
NiceğŸ˜‹,1
delicious!ğŸ˜,1
Wooooooooooowwwww,1
usual,1
MaggiğŸ˜‹ğŸ˜‹,1
"spicy,",1
tandoori,1
veggies,1
butter.,1
Tasted,1
better,1
normal,1
maggi!,1
Where:,1
@btencoffeehandichaisector4,1
#masalamaggi,1
#maggi,1
thisğŸ˜‹ğŸ˜‹,1
Over,1
Voh,1
jisko,1
der,1
lage,1
banne,1
me..,1
mehnet,1
Dont,1
overcook,1
Its,1
thn,1
min..,1
tttooo,1
Lol!,1
covering,1
nose!,1
bother,1
oneğŸ˜‚,1
feelğŸ˜,1
Yumm..ğŸ˜‹ğŸ˜,1
nose,1
cover,1
Krra,1
formality,1
kyun,1
Yuck...,1
Overcooked,1
planning!!!,1
Shared,1
planning.,1
feedback.\,1
#gobi65,1
#chickenmasala,1
#fishfry,1
#gulabjamun,1
#pastry,1
#rice,1
#curdrice,1
#bagararice,1
#andhra,1
#snacks,1
#foodplanning,1
#spicyfood,1
#curries,1
#kurma,1
#masalacurries,1
tq,1
itğŸ¤©ğŸ¤©,1
wowğŸ‘ŒğŸ‘ŒğŸ‘Œ,1
Awesome....ğŸ‰,1
words,1
recipe!!!,1
occasion,1
#hotchocolate,1
#hotchocolaterecipe,1
#chocolaterecipe,1
#partyrecipes,1
#drinks,1
#bevreges,1
#darchocolate,1
#chocolatecompound,1
#kidssecialrecipes,1
#newyearspecial,1
#newyearrecipes,1
veyalsina,1
avsram,1
ledha,1
andi?,1
Whipping,1
pettandi,1
nenu,1
chekodilu,1
cheyatam,1
doubt,1
vachi,1
mimmalni,1
adigaa,1
miry,1
rply,1
evvale,1
Umm.ğŸ˜‹ğŸ˜‹ğŸ˜‹,1
Eggless,1
Oat,1
muffin,1
Healthy,1
muffins,1
vismai,1
Muffins:,1
Curd,1
Refined,1
Oil-,1
ml,1
(1/3,1
Brown,1
Sugar-,1
120,1
gm(1/2,1
Whisk,1
melt,1
sugar,1
Maida-,1
(120gm),1
Soda-,1
(finely,1
chopped)-,1
50gms,1
Oats-,1
Gently,1
fold,1
Milk-,1
90ml,1
Smoothie:,1
gives,1
thick,1
Smoothie,1
Oats,1
roast,1
min,1
flame,1
litre,1
Chilled,1
Milk,1
Cooled,1
#oatsmuffins,1
#bajajnutripro,1
#muffins,1
#appleoatsmuffins,1
#cakes,1
#baking,1
#christmascakes,1
#newyearcakes,1
#cakerecipe,1
#cupcakes,1
#healthymuffins,1
#apple,1
#oats,1
#peanutbuttersmoothie,1
#smooothie,1
#oatssmoothie,1
#milk,1
#dairy,1
#bakingrecipes,1
#bakingintelugu,1
#cupcakerecipe,1
#eggless,1
chala,1
items,1
replace,1
maida,1
wheat,1
flour,1
cake??,1
Different,1
smoothie,1
Muruku|,1
Miriyala,1
Karapusa,1
foodies!,1
PEPPER,1
MURUKU.,1
#sankranthirecipes,1
#karapusa,1
#jantikalu,1
#karasev,1
#sevrecipe,1
#recipesIntelugu,1
#Foodie,1
#telangana,1
#andharfood,1
Hopefully,1
timeğŸ™,1
yummyğŸ˜,1
Ee,1
svargam,1
Restaurant,1
By,1
300,1
Boneless,1
(soaked,1
saltwater,1
30,1
mins),1
Egg,1
(beaten),1
Maida,1
Flour,1
Coat,1
required,1
Oil,1
4-5,1
Chilies,1
Ginger,1
Chopped,1
2.5,1
White,1
Aromatic/Ajinomoto,1
Black,1
Pinches,1
Star,1
anise,1
Powder,1
Tomato,1
Ketchup,1
Indo-,1
Chinese,1
perfect,1
occassion.,1
pics.,1
english,1
subtitles,1
#chickenfry,1
#indo-chinese,1
#chineserecipes,1
#spicychcikenfry,1
#chickenstartres,1
#starters,1
#restaurantfood,1
#indochineserecipes,1
#recipesintelugu,1
#vismaifoodchicken,1
#chickenstarters,1
aağŸ˜‘ğŸ˜’ğŸ˜ğŸ¤§,1
brother,1
thanks,1
I'm,1
Africa,1
start,1
only..thank,1
teja,1
anna....,1
WowwwğŸ˜‹ğŸ˜‹,1
Ah,1
matramğŸ–¤ğŸ–¤,1
Food|,1
"foodies,",1
Today,1
going,1
middle,1
eastern,1
"breakfast,",1
lunch,1
along,1
Sauce.,1
dip,1
bread,1
spread.,1
salad,1
dressing.,1
"Soon,",1
salads,1
sauce.,1
15,1
days.,1
tips,1
measurements,1
Tahini.,1
induction,1
model,1
anti,1
priority,1
evvandi,1
elanti,1
unhealthy,1
kakunda,1
Onion,1
samosa,1
epudandi,1
sirğŸ‘ŒğŸ‘Œ..,1
PerfectionğŸ¤,1
Voice,1
fingers,1
nails,1
Chutney,1
inspired,1
Middle-Class,1
Melodies.,1
weekend,1
@primevidein,1
"Guntur,",1
story.,1
dream,1
passion,1
fulfilling,1
"it,",1
stop,1
"Raghava,",1
@ananddeverakonda,1
star.,1
playing,1
Raghava,1
teaching,1
chutney.,1
Here's,1
middle-class,1
melody,1
moment,1
comment,1
Bon,1
appetite.,1
#bombaychutney,1
#chutney,1
#tiffins,1
meeru,1
endhuku,1
mamidi,1
kaaya,1
veyyaledhu??ğŸ˜‚ğŸ˜‚ğŸ˜‚,1
Potatoes,1
veyaledey?,1
Anand,1
deverakonda,1
inspiration,1
ga,1
thiskunnara,1
andi??,1
pitla,1
places,1
choon,1
alsoğŸ˜,1
Memu,1
besan,1
antamu...deenni...ğŸ˜,1
tagged,1
ragava,1
web,1
page.,1
Asalu,1
ma,1
guntur,1
aevaru,1
cheyaruu..,1
aela,1
line,1
vachidnoo,1
ardhamkavtamledu,1
Ayyangar,1
Banglore,1
ayyangar,1
#ayyangarbakery,1
#bakery,1
#healthysandwich,1
#vegsandwich,1
#bengalore,1
Ma,1
papa,1
ragane,1
hello,1
foodies,1
welco,1
vissu,1
ani,1
thanaki,1
rakapoyina,1
chesthundhiğŸ˜€,1
old,1
chupinche,1
cheymantundhiğŸ§,1
1st,1
beautifulğŸ‘ğŸ‘ğŸ‘ğŸ‘ğŸ‘,1
minese,1
Meru,1
chopinchadam,1
memu,1
chesi.,1
TinkapovadamağŸ˜‹,1
resipes,1
.sply,1
sweets,1
Simla,1
steet,1
Sandwich,1
pl,1
Nenu,1
chesanu,1
Chala,1
Baga,1
vachindandi,1
Andi,1
Classic,1
HUMMUS,1
Soon,1
#hummus,1
#labanesefood,1
#classichummus,1
#middleeasternfood,1
#chickpeas,1
#tahini,1
#telugufoods,1
can't,1
understand,1
job,1
bro,1
actually,1
eagerly,1
YayyyyyyyğŸŠ,1
ready,1
boiled,1
channa,1
annayya,1
Eagerly,1
Winters,1
CARROT,1
BADAM,1
SOUP,1
Carrot,1
badam,1
soup,1
feedback.,1
#carrotbadamsoup,1
#carrot,1
#carrotsoup,1
#carrotshorba,1
#shorba,1
#soups,1
#healthy,1
#healthyfood,1
#dietrecipes,1
#weightlossrecipes,1
#vismaifood,1
#wintersoups,1
#indiansoups,1
#restaurantstylesoups,1
#badam,1
#almonds,1
Adientooo,1
meru,1
em,1
chesina,1
tineyali,1
tageyali,1
anipisthundiğŸ˜†ğŸ‘,1
Excellent,1
soup.,1
amayilu,1
unara,1
sirf,1
lekaothe,1
nanu,1
pechukondi,1
bigg,1
amazingğŸ¤©ğŸ˜‹,1
similarğŸ’•,1
mostly,1
week,1
between,1
vacation,1
whatâ€™s,1
Order,1
@kingscoimperial,1
delivery,1
LES,1
Williamsburg!,1
#noods,1
#sendnoods,1
#noodles,1
#noodlepull,1
#LES,1
#williamsburg,1
Yummmy,1
Noodles,1
YummmmğŸ‘,1
@mellor.s.r,1
.I,1
lbs,1
diet.,1
"fastly,",1
"safely,",1
pay,1
loss,1
"beginners,",1
advice,1
ask,1
"us,",1
ringing,1
doing,1
wrong!,1
Details,1
"delivery,",1
kits,1
below,1
Yearâ€™s,1
Eve,1
Virtual,1
@goldbelly,1
live!ğŸ•ğŸ¾âœ¨,1
count,1
2021?,1
"Hot,",1
truffle-cheese,1
hand,1
bubbly,1
LIVE,1
@emilyhyland,1
weâ€™re,1
celebratory,1
kit,1
@goldbelly!,1
click,1
order,1
Kit,1
Includes:,1
Emmyâ€™s,1
signature,1
cranberry,1
champagne,1
[topped,1
sparkling,1
wine;,1
included],1
pie,1
topped,1
luxurious,1
truffle,1
"cheese,",1
crumbled,1
"pistachios,",1
honey,1
Everything,1
Detroit-style,1
scratch,1
dessert:,1
homemade,1
blondies!,1
#emmysquared,1
#supportsmallbusiness,1
#goldbelly,1
#nye,1
#2021,1
#newyearseve,1
@brian_hanly,1
attractive!ğŸ˜ğŸ”¥,1
Cool,1
HELLO,1
niceğŸ‘ğŸ‘,1
Wishing,1
flippinâ€™,1
Sunday,1
@sundayinbrooklyn,1
#sunday,1
#sundayinbrooklyn,1
#sundaypancakes,1
#pancakes,1
#brooklyn,1
#happysunday,1
#brunch,1
weâ€™ll,1
@nellacucinadiranda,1
Das,1
Beste,1
ist,1
eine,1
gute,1
SoÃŸeğŸ’«,1
naughtyğŸ˜,1
"goodness,",1
cold,1
chocolate,1
"face,",1
bite,1
fluffy,1
pancake,1
shred,1
pieces.,1
Absolutely,1
"delicious,",1
hunger,1
more.,1
nothing,1
goes,1
lobster,1
Mac,1
@edslobsterbar,1
@nycsporkful,1
#macandcheese,1
#lobster,1
#edslobsterbar,1
#lobstermacncheese,1
delicious!,1
tasty!,1
Delicious!ğŸ˜,1
@fuku,1
bad!!,1
"Limited-time,",1
@hudsonyards,1
someone,1
with!,1
#fuku,1
#maple,1
#waffle,1
#sando,1
#hudsonyards,1
@aalap_shastri,1
need!!!!,1
gosh,1
account!!,1
Yummm,1
.i,1
7lbs,1
diet,1
exercise,1
(,1
lazy,1
interested,1
find,1
Hope,1
information,1
hehe,1
meat,1
Wau,1
whether,1
spending,1
"ones,",1
"alone,",1
@donangienyc,1
lasagna,1
pinwheels!,1
@canwegohere,1
#lasagna,1
#lasagnapinwheels,1
#donangie,1
Don,1
angie,1
NYC!!,1
Thanks,1
repost!ğŸ™ŒğŸ»,1
https://instagram.com/_u/mellor.s.r,1
Shove,1
man!,1
slurping,1
it...ğŸ¤©â£ï¸,1
Us,1
Now,1
@foodstoriesbybarsha,1
Weâ€™re,1
@halfbakedharvest,1
Rolls.,1
cooking?,1
"safe,",1
holiday!,1
#christmasmorning,1
#eggnog,1
#cinnamonbuns,1
#halfbakedharvest,1
#merry,1
#cinnamonrolls,1
rolls,1
YummyğŸ‘,1
tradition!!,1
Rolls,1
morning,1
tradition,1
house.,1
Eve!,1
apps,1
obviously,1
baked,1
Brie!,1
ridiculously,1
compared,1
gooey.,1
@yogaofcooking,1
"cranberries,",1
"pecans,",1
honey!,1
Christmas?,1
Tell,1
@food,1
stories!,1
@food52,1
#f52grams,1
#yogaofcooking,1
#christmasfood,1
#christmaseve,1
#brie,1
#bakedbrie,1
Cookies,1
:D,1
Cranberry,1
Cake,1
cookies,1
pic,1
each,1
connected,1
foods,1
page...,1
@foodjihad,1
prior,1
bitcoin,1
@investor_helenaking.,1
gave,1
process,1
"$500,",1
$4500.,1
wish,1
earlier.,1
Important,1
info,1
@magnoliabakery,1
hours,1
posted,1
Instastory,1
pop,1
minute,1
gifts,1
treats!,1
Donâ€™t,1
eGIFTCARDS,1
gifting,1
easier.,1
Head,1
magnoliabakery.com,1
hit,1
order!,1
#magnoliabakery,1
#redvelvet,1
Need,1
omgğŸ˜ğŸ˜ğŸ˜,1
cakeğŸ˜,1
@guilhermee_gk,1
Morroco,1
lahjajma,1
daughter,1
Choumicha,1
@boucherienyc,1
truly,1
unfortunate,1
outdoor,1
dining,1
space,1
stunning!,1
here!,1
:,1
@jainima,1
#boucherie,1
#outdoordining,1
#saverestaurants,1
#festive,1
#restaurant,1
Which,1
this?,1
Beautiful,1
#86Cuomo,1
#86DeBlasio,1
Some,1
steak,1
city,1
